{
    "ARTime": {
        "reward_low_FN_rate": {
            "score": 117.02035554453045,
            "threshold": 0.26755500000000004
        },
        "reward_low_FP_rate": {
            "score": 106.7942600419247,
            "threshold": 0.620634
        },
        "standard": {
            "score": 180.86741284725437,
            "threshold": 0.343629
        }
    },
    "bayesChangePt": {
        "reward_low_FN_rate": {
            "score": -119.7471580442638,
            "threshold": 0.9813537597656257
        },
        "reward_low_FP_rate": {
            "score": -108.56073591812678,
            "threshold": 0.9945251464843755
        },
        "standard": {
            "score": -74.9034705754507,
            "threshold": 0.9845962524414067
        }
    },
    "contextOSE": {
        "reward_low_FN_rate": {
            "score": 22.67222031445549,
            "threshold": 0.7047851562500003
        },
        "reward_low_FP_rate": {
            "score": 39.38696292192149,
            "threshold": 0.7656372070312502
        },
        "standard": {
            "score": 46.167000006791156,
            "threshold": 0.7655273437500002
        }
    },
    "earthgeckoSkyline": {
        "reward_low_FN_rate": {
            "score": -9.975483739777937,
            "threshold": 0.5
        },
        "reward_low_FP_rate": {
            "score": -8.826901388460517,
            "threshold": 0.5
        },
        "standard": {
            "score": 19.024516260222065,
            "threshold": 0.5
        }
    },
    "expose": {
        "reward_low_FN_rate": {
            "score": 125.190607241831,
            "threshold": 0.9714585086049587
        },
        "reward_low_FP_rate": {
            "score": -23.423924122944914,
            "threshold": 0.971946043735994
        },
        "standard": {
            "score": 151.44279161261076,
            "threshold": 0.9716898939843994
        }
    },
    "htmjava": {
        "reward_low_FN_rate": {
            "score": 12.694178184557991,
            "threshold": 0.51793126983
        },
        "reward_low_FP_rate": {
            "score": 19.66957658553529,
            "threshold": 0.5714556056369999
        },
        "standard": {
            "score": 36.898558162658595,
            "threshold": 0.5714556056369999
        }
    },
    "knncad": {
        "reward_low_FN_rate": {
            "score": -307.9283772162798,
            "threshold": 1.0
        },
        "reward_low_FP_rate": {
            "score": -412.0,
            "threshold": 1.1
        },
        "standard": {
            "score": -187.92837721627978,
            "threshold": 1.0
        }
    },
    "null": {
        "reward_low_FN_rate": {
            "score": -232.0,
            "threshold": 0.6250000000000001
        },
        "reward_low_FP_rate": {
            "score": -116.0,
            "threshold": 0.6250000000000001
        },
        "standard": {
            "score": -116.0,
            "threshold": 0.6250000000000001
        }
    },
    "numenta": {
        "reward_low_FN_rate": {
            "score": 6.942334981366571,
            "threshold": 0.748049130835
        },
        "reward_low_FP_rate": {
            "score": 122.19233498136668,
            "threshold": 0.748049130835
        },
        "standard": {
            "score": 135.94233498136657,
            "threshold": 0.748049130835
        }
    },
    "numentaTM": {
        "reward_low_FN_rate": {
            "score": 8.764037437134272,
            "threshold": 0.5126953125
        },
        "reward_low_FP_rate": {
            "score": 15.463515082084744,
            "threshold": 0.65076904296875
        },
        "standard": {
            "score": 33.76403743713426,
            "threshold": 0.5126953125
        }
    },
    "random": {
        "reward_low_FN_rate": {
            "score": -45.889252239141754,
            "threshold": 0.9984497070312507
        },
        "reward_low_FP_rate": {
            "score": -40.59422055318891,
            "threshold": 0.9995117187500009
        },
        "standard": {
            "score": -25.889252239141747,
            "threshold": 0.9984497070312507
        }
    },
    "randomCutForest": {
        "reward_low_FN_rate": {
            "score": -24.07429862443211,
            "threshold": 0.44804840087890635
        },
        "reward_low_FP_rate": {
            "score": -27.003008629582606,
            "threshold": 0.5751955032348636
        },
        "standard": {
            "score": 3.98356657241316,
            "threshold": 0.4539184570312501
        }
    },
    "relativeEntropy": {
        "reward_low_FN_rate": {
            "score": -27.2288224715,
            "threshold": 0.5
        },
        "reward_low_FP_rate": {
            "score": -5.57182391716,
            "threshold": 0.5
        },
        "standard": {
            "score": 10.7711775285,
            "threshold": 0.5
        }
    },
    "skyline": {
        "reward_low_FN_rate": {
            "score": -77.20605964639174,
            "threshold": 0.8031250000000002
        },
        "reward_low_FP_rate": {
            "score": -53.17159266153103,
            "threshold": 0.8996093750000005
        },
        "standard": {
            "score": -33.206059646391715,
            "threshold": 0.8031250000000002
        }
    },
    "twitterADVec": {
        "reward_low_FN_rate": {
            "score": -30.63914483,
            "threshold": 0.5
        },
        "reward_low_FP_rate": {
            "score": -12.15798656,
            "threshold": 0.5
        },
        "standard": {
            "score": -8.639144834,
            "threshold": 0.5
        }
    },
    "vmft-lad": {
        "reward_low_FN_rate": {
            "score": 363.77308042150327,
            "threshold": 1.0
        },
        "reward_low_FP_rate": {
            "score": 373.2430804215033,
            "threshold": 1.0
        },
        "standard": {
            "score": 375.77308042150327,
            "threshold": 1.0
        }
    },
    "windowedGaussian": {
        "reward_low_FN_rate": {
            "score": -98.7538610655,
            "threshold": 1.0
        },
        "reward_low_FP_rate": {
            "score": -87.9970284629,
            "threshold": 1.0
        },
        "standard": {
            "score": -44.7538610655,
            "threshold": 1.0
        }
    }
}