{
    "ARTime": {
        "reward_low_FN_rate": 77.88964993175742,
        "reward_low_FP_rate": 56.923328543404615,
        "standard": 73.97989290749501
    },
    "expose": {
        "reward_low_FN_rate": 67.32915727691395,
        "reward_low_FP_rate": 37.065204028438714,
        "standard": 63.69325280892649
    },
    "knncad": {
        "reward_low_FN_rate": 42.32393892246556,
        "reward_low_FP_rate": -22.053230414415555,
        "standard": 32.125123244121056
    },
    "numenta": {
        "reward_low_FN_rate": 71.63995787309594,
        "reward_low_FP_rate": 61.041230911631196,
        "standard": 66.62507237504583
    },
    "vmft-lad": {
        "reward_low_FN_rate": 98.43614846482551,
        "reward_low_FP_rate": 97.77394301043489,
        "standard": 98.15961374214221
    }
}