{
    "ARTime": {
        "reward_low_FN_rate": 83.97592000784859,
        "reward_low_FP_rate": 69.13882774678346,
        "standard": 80.4554781913911
    },
    "expose": {
        "reward_low_FN_rate": 67.84360198470127,
        "reward_low_FP_rate": 38.710121407245886,
        "standard": 63.35595474057923
    },
    "knncad": {
        "reward_low_FN_rate": 35.78031225038606,
        "reward_low_FP_rate": -41.95355854308981,
        "standard": 21.671441456910266
    },
    "numenta": {
        "reward_low_FN_rate": 79.39750164399516,
        "reward_low_FP_rate": 71.81158312480267,
        "standard": 74.8711951869941
    },
    "vmft-lad": {
        "reward_low_FN_rate": 99.42924026924055,
        "reward_low_FP_rate": 98.82467941930095,
        "standard": 99.30384608596765
    }
}